<?xml version="1.0" encoding="UTF-8" ?>
<data source="meteofactory" productioncenter="NC Jakarta">
<forecast domain='local'>
<issue>
<timestamp>20240116032608</timestamp>
<year>2024</year>
<month>01</month>
<day>16</day>
<hour>03</hour>
<minute>26</minute>
<second>08</second>
</issue>
<area id="501192" latitude="-6.203019" longitude="106.731319" coordinate="106.731319 -6.203019" type="land" region="" level="1" description="Jakarta Barat"  domain="DKI Jakarta"  tags="">
<name xml:lang="en_US">Jakarta Barat</name>
<name xml:lang="id_ID">Kota Jakarta Barat</name>

		<parameter id="hu" description="Humidity" type="hourly">
				<timerange type="hourly" h="0" datetime="202401160000">
					<value unit="%">90</value>
				</timerange>
				<timerange type="hourly" h="6" datetime="202401160600">
					<value unit="%">70</value>
				</timerange>
				<timerange type="hourly" h="12" datetime="202401161200">
					<value unit="%">80</value>
				</timerange>
				<timerange type="hourly" h="18" datetime="202401161800">
					<value unit="%">90</value>
				</timerange>
				<timerange type="hourly" h="24" datetime="202401170000">
					<value unit="%">90</value>
				</timerange>
				<timerange type="hourly" h="30" datetime="202401170600">
					<value unit="%">85</value>
				</timerange>
				<timerange type="hourly" h="36" datetime="202401171200">
					<value unit="%">90</value>
				</timerange>
				<timerange type="hourly" h="42" datetime="202401171800">
					<value unit="%">90</value>
				</timerange>
				<timerange type="hourly" h="48" datetime="202401180000">
					<value unit="%">90</value>
				</timerange>
				<timerange type="hourly" h="54" datetime="202401180600">
					<value unit="%">75</value>
				</timerange>
				<timerange type="hourly" h="60" datetime="202401181200">
					<value unit="%">85</value>
				</timerange>
				<timerange type="hourly" h="66" datetime="202401181800">
					<value unit="%">85</value>
				</timerange>
			</parameter>
		<parameter id="humax" description="Max humidity" type="daily">
				<timerange type="daily" day="20240116" datetime="202401161200">
					<value unit="%">100</value>
				</timerange>
				<timerange type="daily" day="20240117" datetime="202401171200">
					<value unit="%">95</value>
				</timerange>
				<timerange type="daily" day="20240118" datetime="202401181200">
					<value unit="%">95</value>
				</timerange>
			</parameter>
		<parameter id="tmax" description="Max temperature" type="daily">
				<timerange type="daily" day="20240116" datetime="202401161200">
					<value unit="C">32</value>
					<value unit="F">89.6</value>
				</timerange>
				<timerange type="daily" day="20240117" datetime="202401171200">
					<value unit="C">32</value>
					<value unit="F">89.6</value>
				</timerange>
				<timerange type="daily" day="20240118" datetime="202401181200">
					<value unit="C">32</value>
					<value unit="F">89.6</value>
				</timerange>
			</parameter>
		<parameter id="humin" description="Min humidity" type="daily">
				<timerange type="daily" day="20240116" datetime="202401161200">
					<value unit="%">70</value>
				</timerange>
				<timerange type="daily" day="20240117" datetime="202401171200">
					<value unit="%">75</value>
				</timerange>
				<timerange type="daily" day="20240118" datetime="202401181200">
					<value unit="%">75</value>
				</timerange>
			</parameter>
		<parameter id="tmin" description="Min temperature" type="daily">
				<timerange type="daily" day="20240116" datetime="202401161200">
					<value unit="C">24</value>
					<value unit="F">75.2</value>
				</timerange>
				<timerange type="daily" day="20240117" datetime="202401171200">
					<value unit="C">25</value>
					<value unit="F">77</value>
				</timerange>
				<timerange type="daily" day="20240118" datetime="202401181200">
					<value unit="C">25</value>
					<value unit="F">77</value>
				</timerange>
			</parameter>
		<parameter id="t" description="Temperature" type="hourly">
				<timerange type="hourly" h="0" datetime="202401160000">
					<value unit="C">26</value>
					<value unit="F">78.8</value>
				</timerange>
				<timerange type="hourly" h="6" datetime="202401160600">
					<value unit="C">32</value>
					<value unit="F">89.6</value>
				</timerange>
				<timerange type="hourly" h="12" datetime="202401161200">
					<value unit="C">28</value>
					<value unit="F">82.4</value>
				</timerange>
				<timerange type="hourly" h="18" datetime="202401161800">
					<value unit="C">25</value>
					<value unit="F">77</value>
				</timerange>
				<timerange type="hourly" h="24" datetime="202401170000">
					<value unit="C">26</value>
					<value unit="F">78.8</value>
				</timerange>
				<timerange type="hourly" h="30" datetime="202401170600">
					<value unit="C">32</value>
					<value unit="F">89.6</value>
				</timerange>
				<timerange type="hourly" h="36" datetime="202401171200">
					<value unit="C">26</value>
					<value unit="F">78.8</value>
				</timerange>
				<timerange type="hourly" h="42" datetime="202401171800">
					<value unit="C">25</value>
					<value unit="F">77</value>
				</timerange>
				<timerange type="hourly" h="48" datetime="202401180000">
					<value unit="C">26</value>
					<value unit="F">78.8</value>
				</timerange>
				<timerange type="hourly" h="54" datetime="202401180600">
					<value unit="C">32</value>
					<value unit="F">89.6</value>
				</timerange>
				<timerange type="hourly" h="60" datetime="202401181200">
					<value unit="C">27</value>
					<value unit="F">80.6</value>
				</timerange>
				<timerange type="hourly" h="66" datetime="202401181800">
					<value unit="C">26</value>
					<value unit="F">78.8</value>
				</timerange>
			</parameter>
		<parameter id="weather" description="Weather" type="hourly">
				<timerange type="hourly" h="0" datetime="202401160000">
					<value unit="icon">3</value>
				</timerange>
				<timerange type="hourly" h="6" datetime="202401160600">
					<value unit="icon">60</value>
				</timerange>
				<timerange type="hourly" h="12" datetime="202401161200">
					<value unit="icon">3</value>
				</timerange>
				<timerange type="hourly" h="18" datetime="202401161800">
					<value unit="icon">3</value>
				</timerange>
				<timerange type="hourly" h="24" datetime="202401170000">
					<value unit="icon">3</value>
				</timerange>
				<timerange type="hourly" h="30" datetime="202401170600">
					<value unit="icon">60</value>
				</timerange>
				<timerange type="hourly" h="36" datetime="202401171200">
					<value unit="icon">3</value>
				</timerange>
				<timerange type="hourly" h="42" datetime="202401171800">
					<value unit="icon">3</value>
				</timerange>
				<timerange type="hourly" h="48" datetime="202401180000">
					<value unit="icon">3</value>
				</timerange>
				<timerange type="hourly" h="54" datetime="202401180600">
					<value unit="icon">60</value>
				</timerange>
				<timerange type="hourly" h="60" datetime="202401181200">
					<value unit="icon">3</value>
				</timerange>
				<timerange type="hourly" h="66" datetime="202401181800">
					<value unit="icon">60</value>
				</timerange>
			</parameter>
		<parameter id="wd" description="Wind direction" type="hourly">
				<timerange type="hourly" h="0" datetime="202401160000">
					<value unit="deg">270</value>
					<value unit="CARD">W</value>
					<value unit="SEXA">27000</value>
				</timerange>
				<timerange type="hourly" h="6" datetime="202401160600">
					<value unit="deg">247.5</value>
					<value unit="CARD">WSW</value>
					<value unit="SEXA">24730</value>
				</timerange>
				<timerange type="hourly" h="12" datetime="202401161200">
					<value unit="deg">292.5</value>
					<value unit="CARD">WNW</value>
					<value unit="SEXA">29230</value>
				</timerange>
				<timerange type="hourly" h="18" datetime="202401161800">
					<value unit="deg">270</value>
					<value unit="CARD">W</value>
					<value unit="SEXA">27000</value>
				</timerange>
				<timerange type="hourly" h="24" datetime="202401170000">
					<value unit="deg">270</value>
					<value unit="CARD">W</value>
					<value unit="SEXA">27000</value>
				</timerange>
				<timerange type="hourly" h="30" datetime="202401170600">
					<value unit="deg">270</value>
					<value unit="CARD">W</value>
					<value unit="SEXA">27000</value>
				</timerange>
				<timerange type="hourly" h="36" datetime="202401171200">
					<value unit="deg">315</value>
					<value unit="CARD">NW</value>
					<value unit="SEXA">31500</value>
				</timerange>
				<timerange type="hourly" h="42" datetime="202401171800">
					<value unit="deg">247.5</value>
					<value unit="CARD">WSW</value>
					<value unit="SEXA">24730</value>
				</timerange>
				<timerange type="hourly" h="48" datetime="202401180000">
					<value unit="deg">247.5</value>
					<value unit="CARD">WSW</value>
					<value unit="SEXA">24730</value>
				</timerange>
				<timerange type="hourly" h="54" datetime="202401180600">
					<value unit="deg">270</value>
					<value unit="CARD">W</value>
					<value unit="SEXA">27000</value>
				</timerange>
				<timerange type="hourly" h="60" datetime="202401181200">
					<value unit="deg">247.5</value>
					<value unit="CARD">WSW</value>
					<value unit="SEXA">24730</value>
				</timerange>
				<timerange type="hourly" h="66" datetime="202401181800">
					<value unit="deg">270</value>
					<value unit="CARD">W</value>
					<value unit="SEXA">27000</value>
				</timerange>
			</parameter>
		<parameter id="ws" description="Wind speed" type="hourly">
				<timerange type="hourly" h="0" datetime="202401160000">
					<value unit="Kt">5</value>
					<value unit="MPH">5.75389725</value>
					<value unit="KPH">9.26</value>
					<value unit="MS">2.57222222</value>
				</timerange>
				<timerange type="hourly" h="6" datetime="202401160600">
					<value unit="Kt">10</value>
					<value unit="MPH">11.5077945</value>
					<value unit="KPH">18.52</value>
					<value unit="MS">5.14444444</value>
				</timerange>
				<timerange type="hourly" h="12" datetime="202401161200">
					<value unit="Kt">5</value>
					<value unit="MPH">5.75389725</value>
					<value unit="KPH">9.26</value>
					<value unit="MS">2.57222222</value>
				</timerange>
				<timerange type="hourly" h="18" datetime="202401161800">
					<value unit="Kt">5</value>
					<value unit="MPH">5.75389725</value>
					<value unit="KPH">9.26</value>
					<value unit="MS">2.57222222</value>
				</timerange>
				<timerange type="hourly" h="24" datetime="202401170000">
					<value unit="Kt">5</value>
					<value unit="MPH">5.75389725</value>
					<value unit="KPH">9.26</value>
					<value unit="MS">2.57222222</value>
				</timerange>
				<timerange type="hourly" h="30" datetime="202401170600">
					<value unit="Kt">5</value>
					<value unit="MPH">5.75389725</value>
					<value unit="KPH">9.26</value>
					<value unit="MS">2.57222222</value>
				</timerange>
				<timerange type="hourly" h="36" datetime="202401171200">
					<value unit="Kt">2</value>
					<value unit="MPH">2.3015589</value>
					<value unit="KPH">3.704</value>
					<value unit="MS">1.028888888</value>
				</timerange>
				<timerange type="hourly" h="42" datetime="202401171800">
					<value unit="Kt">5</value>
					<value unit="MPH">5.75389725</value>
					<value unit="KPH">9.26</value>
					<value unit="MS">2.57222222</value>
				</timerange>
				<timerange type="hourly" h="48" datetime="202401180000">
					<value unit="Kt">5</value>
					<value unit="MPH">5.75389725</value>
					<value unit="KPH">9.26</value>
					<value unit="MS">2.57222222</value>
				</timerange>
				<timerange type="hourly" h="54" datetime="202401180600">
					<value unit="Kt">10</value>
					<value unit="MPH">11.5077945</value>
					<value unit="KPH">18.52</value>
					<value unit="MS">5.14444444</value>
				</timerange>
				<timerange type="hourly" h="60" datetime="202401181200">
					<value unit="Kt">5</value>
					<value unit="MPH">5.75389725</value>
					<value unit="KPH">9.26</value>
					<value unit="MS">2.57222222</value>
				</timerange>
				<timerange type="hourly" h="66" datetime="202401181800">
					<value unit="Kt">5</value>
					<value unit="MPH">5.75389725</value>
					<value unit="KPH">9.26</value>
					<value unit="MS">2.57222222</value>
				</timerange>
			</parameter></area><area id="501195" latitude="-6.176396" longitude="106.826591" coordinate="106.826591 -6.176396" type="land" region="" level="1" description="Jakarta Pusat"  domain="DKI Jakarta"  tags="">
<name xml:lang="en_US">Jakarta Pusat</name>
<name xml:lang="id_ID">Kota Jakarta Pusat</name>

		<parameter id="hu" description="Humidity" type="hourly">
				<timerange type="hourly" h="0" datetime="202401160000">
					<value unit="%">90</value>
				</timerange>
				<timerange type="hourly" h="6" datetime="202401160600">
					<value unit="%">75</value>
				</timerange>
				<timerange type="hourly" h="12" datetime="202401161200">
					<value unit="%">80</value>
				</timerange>
				<timerange type="hourly" h="18" datetime="202401161800">
					<value unit="%">85</value>
				</timerange>
				<timerange type="hourly" h="24" datetime="202401170000">
					<value unit="%">90</value>
				</timerange>
				<timerange type="hourly" h="30" datetime="202401170600">
					<value unit="%">85</value>
				</timerange>
				<timerange type="hourly" h="36" datetime="202401171200">
					<value unit="%">85</value>
				</timerange>
				<timerange type="hourly" h="42" datetime="202401171800">
					<value unit="%">90</value>
				</timerange>
				<timerange type="hourly" h="48" datetime="202401180000">
					<value unit="%">90</value>
				</timerange>
				<timerange type="hourly" h="54" datetime="202401180600">
					<value unit="%">85</value>
				</timerange>
				<timerange type="hourly" h="60" datetime="202401181200">
					<value unit="%">80</value>
				</timerange>
				<timerange type="hourly" h="66" datetime="202401181800">
					<value unit="%">85</value>
				</timerange>
			</parameter>
		<parameter id="humax" description="Max humidity" type="daily">
				<timerange type="daily" day="20240116" datetime="202401161200">
					<value unit="%">95</value>
				</timerange>
				<timerange type="daily" day="20240117" datetime="202401171200">
					<value unit="%">90</value>
				</timerange>
				<timerange type="daily" day="20240118" datetime="202401181200">
					<value unit="%">90</value>
				</timerange>
			</parameter>
		<parameter id="tmax" description="Max temperature" type="daily">
				<timerange type="daily" day="20240116" datetime="202401161200">
					<value unit="C">32</value>
					<value unit="F">89.6</value>
				</timerange>
				<timerange type="daily" day="20240117" datetime="202401171200">
					<value unit="C">32</value>
					<value unit="F">89.6</value>
				</timerange>
				<timerange type="daily" day="20240118" datetime="202401181200">
					<value unit="C">32</value>
					<value unit="F">89.6</value>
				</timerange>
			</parameter>
		<parameter id="humin" description="Min humidity" type="daily">
				<timerange type="daily" day="20240116" datetime="202401161200">
					<value unit="%">75</value>
				</timerange>
				<timerange type="daily" day="20240117" datetime="202401171200">
					<value unit="%">80</value>
				</timerange>
				<timerange type="daily" day="20240118" datetime="202401181200">
					<value unit="%">75</value>
				</timerange>
			</parameter>
		<parameter id="tmin" description="Min temperature" type="daily">
				<timerange type="daily" day="20240116" datetime="202401161200">
					<value unit="C">26</value>
					<value unit="F">78.8</value>
				</timerange>
				<timerange type="daily" day="20240117" datetime="202401171200">
					<value unit="C">26</value>
					<value unit="F">78.8</value>
				</timerange>
				<timerange type="daily" day="20240118" datetime="202401181200">
					<value unit="C">26</value>
					<value unit="F">78.8</value>
				</timerange>
			</parameter>
		<parameter id="t" description="Temperature" type="hourly">
				<timerange type="hourly" h="0" datetime="202401160000">
					<value unit="C">26</value>
					<value unit="F">78.8</value>
				</timerange>
				<timerange type="hourly" h="6" datetime="202401160600">
					<value unit="C">32</value>
					<value unit="F">89.6</value>
				</timerange>
				<timerange type="hourly" h="12" datetime="202401161200">
					<value unit="C">28</value>
					<value unit="F">82.4</value>
				</timerange>
				<timerange type="hourly" h="18" datetime="202401161800">
					<value unit="C">26</value>
					<value unit="F">78.8</value>
				</timerange>
				<timerange type="hourly" h="24" datetime="202401170000">
					<value unit="C">26</value>
					<value unit="F">78.8</value>
				</timerange>
				<timerange type="hourly" h="30" datetime="202401170600">
					<value unit="C">32</value>
					<value unit="F">89.6</value>
				</timerange>
				<timerange type="hourly" h="36" datetime="202401171200">
					<value unit="C">27</value>
					<value unit="F">80.6</value>
				</timerange>
				<timerange type="hourly" h="42" datetime="202401171800">
					<value unit="C">26</value>
					<value unit="F">78.8</value>
				</timerange>
				<timerange type="hourly" h="48" datetime="202401180000">
					<value unit="C">26</value>
					<value unit="F">78.8</value>
				</timerange>
				<timerange type="hourly" h="54" datetime="202401180600">
					<value unit="C">32</value>
					<value unit="F">89.6</value>
				</timerange>
				<timerange type="hourly" h="60" datetime="202401181200">
					<value unit="C">28</value>
					<value unit="F">82.4</value>
				</timerange>
				<timerange type="hourly" h="66" datetime="202401181800">
					<value unit="C">26</value>
					<value unit="F">78.8</value>
				</timerange>
			</parameter>
		<parameter id="weather" description="Weather" type="hourly">
				<timerange type="hourly" h="0" datetime="202401160000">
					<value unit="icon">3</value>
				</timerange>
				<timerange type="hourly" h="6" datetime="202401160600">
					<value unit="icon">60</value>
				</timerange>
				<timerange type="hourly" h="12" datetime="202401161200">
					<value unit="icon">3</value>
				</timerange>
				<timerange type="hourly" h="18" datetime="202401161800">
					<value unit="icon">3</value>
				</timerange>
				<timerange type="hourly" h="24" datetime="202401170000">
					<value unit="icon">3</value>
				</timerange>
				<timerange type="hourly" h="30" datetime="202401170600">
					<value unit="icon">4</value>
				</timerange>
				<timerange type="hourly" h="36" datetime="202401171200">
					<value unit="icon">3</value>
				</timerange>
				<timerange type="hourly" h="42" datetime="202401171800">
					<value unit="icon">3</value>
				</timerange>
				<timerange type="hourly" h="48" datetime="202401180000">
					<value unit="icon">3</value>
				</timerange>
				<timerange type="hourly" h="54" datetime="202401180600">
					<value unit="icon">60</value>
				</timerange>
				<timerange type="hourly" h="60" datetime="202401181200">
					<value unit="icon">3</value>
				</timerange>
				<timerange type="hourly" h="66" datetime="202401181800">
					<value unit="icon">60</value>
				</timerange>
			</parameter>
		<parameter id="wd" description="Wind direction" type="hourly">
				<timerange type="hourly" h="0" datetime="202401160000">
					<value unit="deg">270</value>
					<value unit="CARD">W</value>
					<value unit="SEXA">27000</value>
				</timerange>
				<timerange type="hourly" h="6" datetime="202401160600">
					<value unit="deg">315</value>
					<value unit="CARD">NW</value>
					<value unit="SEXA">31500</value>
				</timerange>
				<timerange type="hourly" h="12" datetime="202401161200">
					<value unit="deg">292.5</value>
					<value unit="CARD">WNW</value>
					<value unit="SEXA">29230</value>
				</timerange>
				<timerange type="hourly" h="18" datetime="202401161800">
					<value unit="deg">270</value>
					<value unit="CARD">W</value>
					<value unit="SEXA">27000</value>
				</timerange>
				<timerange type="hourly" h="24" datetime="202401170000">
					<value unit="deg">270</value>
					<value unit="CARD">W</value>
					<value unit="SEXA">27000</value>
				</timerange>
				<timerange type="hourly" h="30" datetime="202401170600">
					<value unit="deg">292.5</value>
					<value unit="CARD">WNW</value>
					<value unit="SEXA">29230</value>
				</timerange>
				<timerange type="hourly" h="36" datetime="202401171200">
					<value unit="deg">292.5</value>
					<value unit="CARD">WNW</value>
					<value unit="SEXA">29230</value>
				</timerange>
				<timerange type="hourly" h="42" datetime="202401171800">
					<value unit="deg">247.5</value>
					<value unit="CARD">WSW</value>
					<value unit="SEXA">24730</value>
				</timerange>
				<timerange type="hourly" h="48" datetime="202401180000">
					<value unit="deg">270</value>
					<value unit="CARD">W</value>
					<value unit="SEXA">27000</value>
				</timerange>
				<timerange type="hourly" h="54" datetime="202401180600">
					<value unit="deg">292.5</value>
					<value unit="CARD">WNW</value>
					<value unit="SEXA">29230</value>
				</timerange>
				<timerange type="hourly" h="60" datetime="202401181200">
					<value unit="deg">247.5</value>
					<value unit="CARD">WSW</value>
					<value unit="SEXA">24730</value>
				</timerange>
				<timerange type="hourly" h="66" datetime="202401181800">
					<value unit="deg">247.5</value>
					<value unit="CARD">WSW</value>
					<value unit="SEXA">24730</value>
				</timerange>
			</parameter>
		<parameter id="ws" description="Wind speed" type="hourly">
				<timerange type="hourly" h="0" datetime="202401160000">
					<value unit="Kt">5</value>
					<value unit="MPH">5.75389725</value>
					<value unit="KPH">9.26</value>
					<value unit="MS">2.57222222</value>
				</timerange>
				<timerange type="hourly" h="6" datetime="202401160600">
					<value unit="Kt">10</value>
					<value unit="MPH">11.5077945</value>
					<value unit="KPH">18.52</value>
					<value unit="MS">5.14444444</value>
				</timerange>
				<timerange type="hourly" h="12" datetime="202401161200">
					<value unit="Kt">5</value>
					<value unit="MPH">5.75389725</value>
					<value unit="KPH">9.26</value>
					<value unit="MS">2.57222222</value>
				</timerange>
				<timerange type="hourly" h="18" datetime="202401161800">
					<value unit="Kt">5</value>
					<value unit="MPH">5.75389725</value>
					<value unit="KPH">9.26</value>
					<value unit="MS">2.57222222</value>
				</timerange>
				<timerange type="hourly" h="24" datetime="202401170000">
					<value unit="Kt">5</value>
					<value unit="MPH">5.75389725</value>
					<value unit="KPH">9.26</value>
					<value unit="MS">2.57222222</value>
				</timerange>
				<timerange type="hourly" h="30" datetime="202401170600">
					<value unit="Kt">10</value>
					<value unit="MPH">11.5077945</value>
					<value unit="KPH">18.52</value>
					<value unit="MS">5.14444444</value>
				</timerange>
				<timerange type="hourly" h="36" datetime="202401171200">
					<value unit="Kt">2</value>
					<value unit="MPH">2.3015589</value>
					<value unit="KPH">3.704</value>
					<value unit="MS">1.028888888</value>
				</timerange>
				<timerange type="hourly" h="42" datetime="202401171800">
					<value unit="Kt">5</value>
					<value unit="MPH">5.75389725</value>
					<value unit="KPH">9.26</value>
					<value unit="MS">2.57222222</value>
				</timerange>
				<timerange type="hourly" h="48" datetime="202401180000">
					<value unit="Kt">10</value>
					<value unit="MPH">11.5077945</value>
					<value unit="KPH">18.52</value>
					<value unit="MS">5.14444444</value>
				</timerange>
				<timerange type="hourly" h="54" datetime="202401180600">
					<value unit="Kt">10</value>
					<value unit="MPH">11.5077945</value>
					<value unit="KPH">18.52</value>
					<value unit="MS">5.14444444</value>
				</timerange>
				<timerange type="hourly" h="60" datetime="202401181200">
					<value unit="Kt">10</value>
					<value unit="MPH">11.5077945</value>
					<value unit="KPH">18.52</value>
					<value unit="MS">5.14444444</value>
				</timerange>
				<timerange type="hourly" h="66" datetime="202401181800">
					<value unit="Kt">10</value>
					<value unit="MPH">11.5077945</value>
					<value unit="KPH">18.52</value>
					<value unit="MS">5.14444444</value>
				</timerange>
			</parameter></area><area id="501193" latitude="-6.293118" longitude="106.856804" coordinate="106.856804 -6.293118" type="land" region="" level="1" description="Jakarta Selatan"  domain="DKI Jakarta"  tags="">
<name xml:lang="en_US">Jakarta Selatan</name>
<name xml:lang="id_ID">Kota Jakarta Selatan</name>

		<parameter id="hu" description="Humidity" type="hourly">
				<timerange type="hourly" h="0" datetime="202401160000">
					<value unit="%">90</value>
				</timerange>
				<timerange type="hourly" h="6" datetime="202401160600">
					<value unit="%">65</value>
				</timerange>
				<timerange type="hourly" h="12" datetime="202401161200">
					<value unit="%">85</value>
				</timerange>
				<timerange type="hourly" h="18" datetime="202401161800">
					<value unit="%">95</value>
				</timerange>
				<timerange type="hourly" h="24" datetime="202401170000">
					<value unit="%">95</value>
				</timerange>
				<timerange type="hourly" h="30" datetime="202401170600">
					<value unit="%">80</value>
				</timerange>
				<timerange type="hourly" h="36" datetime="202401171200">
					<value unit="%">90</value>
				</timerange>
				<timerange type="hourly" h="42" datetime="202401171800">
					<value unit="%">95</value>
				</timerange>
				<timerange type="hourly" h="48" datetime="202401180000">
					<value unit="%">95</value>
				</timerange>
				<timerange type="hourly" h="54" datetime="202401180600">
					<value unit="%">80</value>
				</timerange>
				<timerange type="hourly" h="60" datetime="202401181200">
					<value unit="%">85</value>
				</timerange>
				<timerange type="hourly" h="66" datetime="202401181800">
					<value unit="%">90</value>
				</timerange>
			</parameter>
		<parameter id="humax" description="Max humidity" type="daily">
				<timerange type="daily" day="20240116" datetime="202401161200">
					<value unit="%">100</value>
				</timerange>
				<timerange type="daily" day="20240117" datetime="202401171200">
					<value unit="%">95</value>
				</timerange>
				<timerange type="daily" day="20240118" datetime="202401181200">
					<value unit="%">95</value>
				</timerange>
			</parameter>
		<parameter id="tmax" description="Max temperature" type="daily">
				<timerange type="daily" day="20240116" datetime="202401161200">
					<value unit="C">32</value>
					<value unit="F">89.6</value>
				</timerange>
				<timerange type="daily" day="20240117" datetime="202401171200">
					<value unit="C">32</value>
					<value unit="F">89.6</value>
				</timerange>
				<timerange type="daily" day="20240118" datetime="202401181200">
					<value unit="C">32</value>
					<value unit="F">89.6</value>
				</timerange>
			</parameter>
		<parameter id="humin" description="Min humidity" type="daily">
				<timerange type="daily" day="20240116" datetime="202401161200">
					<value unit="%">65</value>
				</timerange>
				<timerange type="daily" day="20240117" datetime="202401171200">
					<value unit="%">75</value>
				</timerange>
				<timerange type="daily" day="20240118" datetime="202401181200">
					<value unit="%">75</value>
				</timerange>
			</parameter>
		<parameter id="tmin" description="Min temperature" type="daily">
				<timerange type="daily" day="20240116" datetime="202401161200">
					<value unit="C">24</value>
					<value unit="F">75.2</value>
				</timerange>
				<timerange type="daily" day="20240117" datetime="202401171200">
					<value unit="C">24</value>
					<value unit="F">75.2</value>
				</timerange>
				<timerange type="daily" day="20240118" datetime="202401181200">
					<value unit="C">24</value>
					<value unit="F">75.2</value>
				</timerange>
			</parameter>
		<parameter id="t" description="Temperature" type="hourly">
				<timerange type="hourly" h="0" datetime="202401160000">
					<value unit="C">26</value>
					<value unit="F">78.8</value>
				</timerange>
				<timerange type="hourly" h="6" datetime="202401160600">
					<value unit="C">32</value>
					<value unit="F">89.6</value>
				</timerange>
				<timerange type="hourly" h="12" datetime="202401161200">
					<value unit="C">27</value>
					<value unit="F">80.6</value>
				</timerange>
				<timerange type="hourly" h="18" datetime="202401161800">
					<value unit="C">25</value>
					<value unit="F">77</value>
				</timerange>
				<timerange type="hourly" h="24" datetime="202401170000">
					<value unit="C">26</value>
					<value unit="F">78.8</value>
				</timerange>
				<timerange type="hourly" h="30" datetime="202401170600">
					<value unit="C">32</value>
					<value unit="F">89.6</value>
				</timerange>
				<timerange type="hourly" h="36" datetime="202401171200">
					<value unit="C">26</value>
					<value unit="F">78.8</value>
				</timerange>
				<timerange type="hourly" h="42" datetime="202401171800">
					<value unit="C">25</value>
					<value unit="F">77</value>
				</timerange>
				<timerange type="hourly" h="48" datetime="202401180000">
					<value unit="C">26</value>
					<value unit="F">78.8</value>
				</timerange>
				<timerange type="hourly" h="54" datetime="202401180600">
					<value unit="C">32</value>
					<value unit="F">89.6</value>
				</timerange>
				<timerange type="hourly" h="60" datetime="202401181200">
					<value unit="C">27</value>
					<value unit="F">80.6</value>
				</timerange>
				<timerange type="hourly" h="66" datetime="202401181800">
					<value unit="C">25</value>
					<value unit="F">77</value>
				</timerange>
			</parameter>
		<parameter id="weather" description="Weather" type="hourly">
				<timerange type="hourly" h="0" datetime="202401160000">
					<value unit="icon">3</value>
				</timerange>
				<timerange type="hourly" h="6" datetime="202401160600">
					<value unit="icon">60</value>
				</timerange>
				<timerange type="hourly" h="12" datetime="202401161200">
					<value unit="icon">3</value>
				</timerange>
				<timerange type="hourly" h="18" datetime="202401161800">
					<value unit="icon">3</value>
				</timerange>
				<timerange type="hourly" h="24" datetime="202401170000">
					<value unit="icon">3</value>
				</timerange>
				<timerange type="hourly" h="30" datetime="202401170600">
					<value unit="icon">4</value>
				</timerange>
				<timerange type="hourly" h="36" datetime="202401171200">
					<value unit="icon">3</value>
				</timerange>
				<timerange type="hourly" h="42" datetime="202401171800">
					<value unit="icon">3</value>
				</timerange>
				<timerange type="hourly" h="48" datetime="202401180000">
					<value unit="icon">3</value>
				</timerange>
				<timerange type="hourly" h="54" datetime="202401180600">
					<value unit="icon">60</value>
				</timerange>
				<timerange type="hourly" h="60" datetime="202401181200">
					<value unit="icon">3</value>
				</timerange>
				<timerange type="hourly" h="66" datetime="202401181800">
					<value unit="icon">60</value>
				</timerange>
			</parameter>
		<parameter id="wd" description="Wind direction" type="hourly">
				<timerange type="hourly" h="0" datetime="202401160000">
					<value unit="deg">270</value>
					<value unit="CARD">W</value>
					<value unit="SEXA">27000</value>
				</timerange>
				<timerange type="hourly" h="6" datetime="202401160600">
					<value unit="deg">270</value>
					<value unit="CARD">W</value>
					<value unit="SEXA">27000</value>
				</timerange>
				<timerange type="hourly" h="12" datetime="202401161200">
					<value unit="deg">315</value>
					<value unit="CARD">NW</value>
					<value unit="SEXA">31500</value>
				</timerange>
				<timerange type="hourly" h="18" datetime="202401161800">
					<value unit="deg">247.5</value>
					<value unit="CARD">WSW</value>
					<value unit="SEXA">24730</value>
				</timerange>
				<timerange type="hourly" h="24" datetime="202401170000">
					<value unit="deg">270</value>
					<value unit="CARD">W</value>
					<value unit="SEXA">27000</value>
				</timerange>
				<timerange type="hourly" h="30" datetime="202401170600">
					<value unit="deg">270</value>
					<value unit="CARD">W</value>
					<value unit="SEXA">27000</value>
				</timerange>
				<timerange type="hourly" h="36" datetime="202401171200">
					<value unit="deg">337.5</value>
					<value unit="CARD">NNW</value>
					<value unit="SEXA">33730</value>
				</timerange>
				<timerange type="hourly" h="42" datetime="202401171800">
					<value unit="deg">247.5</value>
					<value unit="CARD">WSW</value>
					<value unit="SEXA">24730</value>
				</timerange>
				<timerange type="hourly" h="48" datetime="202401180000">
					<value unit="deg">270</value>
					<value unit="CARD">W</value>
					<value unit="SEXA">27000</value>
				</timerange>
				<timerange type="hourly" h="54" datetime="202401180600">
					<value unit="deg">270</value>
					<value unit="CARD">W</value>
					<value unit="SEXA">27000</value>
				</timerange>
				<timerange type="hourly" h="60" datetime="202401181200">
					<value unit="deg">247.5</value>
					<value unit="CARD">WSW</value>
					<value unit="SEXA">24730</value>
				</timerange>
				<timerange type="hourly" h="66" datetime="202401181800">
					<value unit="deg">247.5</value>
					<value unit="CARD">WSW</value>
					<value unit="SEXA">24730</value>
				</timerange>
			</parameter>
		<parameter id="ws" description="Wind speed" type="hourly">
				<timerange type="hourly" h="0" datetime="202401160000">
					<value unit="Kt">5</value>
					<value unit="MPH">5.75389725</value>
					<value unit="KPH">9.26</value>
					<value unit="MS">2.57222222</value>
				</timerange>
				<timerange type="hourly" h="6" datetime="202401160600">
					<value unit="Kt">10</value>
					<value unit="MPH">11.5077945</value>
					<value unit="KPH">18.52</value>
					<value unit="MS">5.14444444</value>
				</timerange>
				<timerange type="hourly" h="12" datetime="202401161200">
					<value unit="Kt">2</value>
					<value unit="MPH">2.3015589</value>
					<value unit="KPH">3.704</value>
					<value unit="MS">1.028888888</value>
				</timerange>
				<timerange type="hourly" h="18" datetime="202401161800">
					<value unit="Kt">2</value>
					<value unit="MPH">2.3015589</value>
					<value unit="KPH">3.704</value>
					<value unit="MS">1.028888888</value>
				</timerange>
				<timerange type="hourly" h="24" datetime="202401170000">
					<value unit="Kt">5</value>
					<value unit="MPH">5.75389725</value>
					<value unit="KPH">9.26</value>
					<value unit="MS">2.57222222</value>
				</timerange>
				<timerange type="hourly" h="30" datetime="202401170600">
					<value unit="Kt">10</value>
					<value unit="MPH">11.5077945</value>
					<value unit="KPH">18.52</value>
					<value unit="MS">5.14444444</value>
				</timerange>
				<timerange type="hourly" h="36" datetime="202401171200">
					<value unit="Kt">2</value>
					<value unit="MPH">2.3015589</value>
					<value unit="KPH">3.704</value>
					<value unit="MS">1.028888888</value>
				</timerange>
				<timerange type="hourly" h="42" datetime="202401171800">
					<value unit="Kt">5</value>
					<value unit="MPH">5.75389725</value>
					<value unit="KPH">9.26</value>
					<value unit="MS">2.57222222</value>
				</timerange>
				<timerange type="hourly" h="48" datetime="202401180000">
					<value unit="Kt">5</value>
					<value unit="MPH">5.75389725</value>
					<value unit="KPH">9.26</value>
					<value unit="MS">2.57222222</value>
				</timerange>
				<timerange type="hourly" h="54" datetime="202401180600">
					<value unit="Kt">5</value>
					<value unit="MPH">5.75389725</value>
					<value unit="KPH">9.26</value>
					<value unit="MS">2.57222222</value>
				</timerange>
				<timerange type="hourly" h="60" datetime="202401181200">
					<value unit="Kt">5</value>
					<value unit="MPH">5.75389725</value>
					<value unit="KPH">9.26</value>
					<value unit="MS">2.57222222</value>
				</timerange>
				<timerange type="hourly" h="66" datetime="202401181800">
					<value unit="Kt">5</value>
					<value unit="MPH">5.75389725</value>
					<value unit="KPH">9.26</value>
					<value unit="MS">2.57222222</value>
				</timerange>
			</parameter></area><area id="501191" latitude="-6.213599" longitude="106.901093" coordinate="106.901093 -6.213599" type="land" region="" level="1" description="Jakarta Timur"  domain="DKI Jakarta"  tags="">
<name xml:lang="en_US">Jakarta Timur</name>
<name xml:lang="id_ID">Kota Jakarta Timur</name>

		<parameter id="hu" description="Humidity" type="hourly">
				<timerange type="hourly" h="0" datetime="202401160000">
					<value unit="%">90</value>
				</timerange>
				<timerange type="hourly" h="6" datetime="202401160600">
					<value unit="%">65</value>
				</timerange>
				<timerange type="hourly" h="12" datetime="202401161200">
					<value unit="%">85</value>
				</timerange>
				<timerange type="hourly" h="18" datetime="202401161800">
					<value unit="%">95</value>
				</timerange>
				<timerange type="hourly" h="24" datetime="202401170000">
					<value unit="%">95</value>
				</timerange>
				<timerange type="hourly" h="30" datetime="202401170600">
					<value unit="%">80</value>
				</timerange>
				<timerange type="hourly" h="36" datetime="202401171200">
					<value unit="%">90</value>
				</timerange>
				<timerange type="hourly" h="42" datetime="202401171800">
					<value unit="%">95</value>
				</timerange>
				<timerange type="hourly" h="48" datetime="202401180000">
					<value unit="%">95</value>
				</timerange>
				<timerange type="hourly" h="54" datetime="202401180600">
					<value unit="%">80</value>
				</timerange>
				<timerange type="hourly" h="60" datetime="202401181200">
					<value unit="%">85</value>
				</timerange>
				<timerange type="hourly" h="66" datetime="202401181800">
					<value unit="%">90</value>
				</timerange>
			</parameter>
		<parameter id="humax" description="Max humidity" type="daily">
				<timerange type="daily" day="20240116" datetime="202401161200">
					<value unit="%">100</value>
				</timerange>
				<timerange type="daily" day="20240117" datetime="202401171200">
					<value unit="%">95</value>
				</timerange>
				<timerange type="daily" day="20240118" datetime="202401181200">
					<value unit="%">95</value>
				</timerange>
			</parameter>
		<parameter id="tmax" description="Max temperature" type="daily">
				<timerange type="daily" day="20240116" datetime="202401161200">
					<value unit="C">32</value>
					<value unit="F">89.6</value>
				</timerange>
				<timerange type="daily" day="20240117" datetime="202401171200">
					<value unit="C">32</value>
					<value unit="F">89.6</value>
				</timerange>
				<timerange type="daily" day="20240118" datetime="202401181200">
					<value unit="C">32</value>
					<value unit="F">89.6</value>
				</timerange>
			</parameter>
		<parameter id="humin" description="Min humidity" type="daily">
				<timerange type="daily" day="20240116" datetime="202401161200">
					<value unit="%">65</value>
				</timerange>
				<timerange type="daily" day="20240117" datetime="202401171200">
					<value unit="%">75</value>
				</timerange>
				<timerange type="daily" day="20240118" datetime="202401181200">
					<value unit="%">75</value>
				</timerange>
			</parameter>
		<parameter id="tmin" description="Min temperature" type="daily">
				<timerange type="daily" day="20240116" datetime="202401161200">
					<value unit="C">24</value>
					<value unit="F">75.2</value>
				</timerange>
				<timerange type="daily" day="20240117" datetime="202401171200">
					<value unit="C">24</value>
					<value unit="F">75.2</value>
				</timerange>
				<timerange type="daily" day="20240118" datetime="202401181200">
					<value unit="C">24</value>
					<value unit="F">75.2</value>
				</timerange>
			</parameter>
		<parameter id="t" description="Temperature" type="hourly">
				<timerange type="hourly" h="0" datetime="202401160000">
					<value unit="C">26</value>
					<value unit="F">78.8</value>
				</timerange>
				<timerange type="hourly" h="6" datetime="202401160600">
					<value unit="C">32</value>
					<value unit="F">89.6</value>
				</timerange>
				<timerange type="hourly" h="12" datetime="202401161200">
					<value unit="C">27</value>
					<value unit="F">80.6</value>
				</timerange>
				<timerange type="hourly" h="18" datetime="202401161800">
					<value unit="C">25</value>
					<value unit="F">77</value>
				</timerange>
				<timerange type="hourly" h="24" datetime="202401170000">
					<value unit="C">26</value>
					<value unit="F">78.8</value>
				</timerange>
				<timerange type="hourly" h="30" datetime="202401170600">
					<value unit="C">32</value>
					<value unit="F">89.6</value>
				</timerange>
				<timerange type="hourly" h="36" datetime="202401171200">
					<value unit="C">26</value>
					<value unit="F">78.8</value>
				</timerange>
				<timerange type="hourly" h="42" datetime="202401171800">
					<value unit="C">25</value>
					<value unit="F">77</value>
				</timerange>
				<timerange type="hourly" h="48" datetime="202401180000">
					<value unit="C">26</value>
					<value unit="F">78.8</value>
				</timerange>
				<timerange type="hourly" h="54" datetime="202401180600">
					<value unit="C">32</value>
					<value unit="F">89.6</value>
				</timerange>
				<timerange type="hourly" h="60" datetime="202401181200">
					<value unit="C">27</value>
					<value unit="F">80.6</value>
				</timerange>
				<timerange type="hourly" h="66" datetime="202401181800">
					<value unit="C">25</value>
					<value unit="F">77</value>
				</timerange>
			</parameter>
		<parameter id="weather" description="Weather" type="hourly">
				<timerange type="hourly" h="0" datetime="202401160000">
					<value unit="icon">3</value>
				</timerange>
				<timerange type="hourly" h="6" datetime="202401160600">
					<value unit="icon">60</value>
				</timerange>
				<timerange type="hourly" h="12" datetime="202401161200">
					<value unit="icon">3</value>
				</timerange>
				<timerange type="hourly" h="18" datetime="202401161800">
					<value unit="icon">3</value>
				</timerange>
				<timerange type="hourly" h="24" datetime="202401170000">
					<value unit="icon">3</value>
				</timerange>
				<timerange type="hourly" h="30" datetime="202401170600">
					<value unit="icon">4</value>
				</timerange>
				<timerange type="hourly" h="36" datetime="202401171200">
					<value unit="icon">3</value>
				</timerange>
				<timerange type="hourly" h="42" datetime="202401171800">
					<value unit="icon">3</value>
				</timerange>
				<timerange type="hourly" h="48" datetime="202401180000">
					<value unit="icon">3</value>
				</timerange>
				<timerange type="hourly" h="54" datetime="202401180600">
					<value unit="icon">60</value>
				</timerange>
				<timerange type="hourly" h="60" datetime="202401181200">
					<value unit="icon">3</value>
				</timerange>
				<timerange type="hourly" h="66" datetime="202401181800">
					<value unit="icon">60</value>
				</timerange>
			</parameter>
		<parameter id="wd" description="Wind direction" type="hourly">
				<timerange type="hourly" h="0" datetime="202401160000">
					<value unit="deg">270</value>
					<value unit="CARD">W</value>
					<value unit="SEXA">27000</value>
				</timerange>
				<timerange type="hourly" h="6" datetime="202401160600">
					<value unit="deg">270</value>
					<value unit="CARD">W</value>
					<value unit="SEXA">27000</value>
				</timerange>
				<timerange type="hourly" h="12" datetime="202401161200">
					<value unit="deg">315</value>
					<value unit="CARD">NW</value>
					<value unit="SEXA">31500</value>
				</timerange>
				<timerange type="hourly" h="18" datetime="202401161800">
					<value unit="deg">247.5</value>
					<value unit="CARD">WSW</value>
					<value unit="SEXA">24730</value>
				</timerange>
				<timerange type="hourly" h="24" datetime="202401170000">
					<value unit="deg">270</value>
					<value unit="CARD">W</value>
					<value unit="SEXA">27000</value>
				</timerange>
				<timerange type="hourly" h="30" datetime="202401170600">
					<value unit="deg">270</value>
					<value unit="CARD">W</value>
					<value unit="SEXA">27000</value>
				</timerange>
				<timerange type="hourly" h="36" datetime="202401171200">
					<value unit="deg">337.5</value>
					<value unit="CARD">NNW</value>
					<value unit="SEXA">33730</value>
				</timerange>
				<timerange type="hourly" h="42" datetime="202401171800">
					<value unit="deg">247.5</value>
					<value unit="CARD">WSW</value>
					<value unit="SEXA">24730</value>
				</timerange>
				<timerange type="hourly" h="48" datetime="202401180000">
					<value unit="deg">270</value>
					<value unit="CARD">W</value>
					<value unit="SEXA">27000</value>
				</timerange>
				<timerange type="hourly" h="54" datetime="202401180600">
					<value unit="deg">270</value>
					<value unit="CARD">W</value>
					<value unit="SEXA">27000</value>
				</timerange>
				<timerange type="hourly" h="60" datetime="202401181200">
					<value unit="deg">247.5</value>
					<value unit="CARD">WSW</value>
					<value unit="SEXA">24730</value>
				</timerange>
				<timerange type="hourly" h="66" datetime="202401181800">
					<value unit="deg">247.5</value>
					<value unit="CARD">WSW</value>
					<value unit="SEXA">24730</value>
				</timerange>
			</parameter>
		<parameter id="ws" description="Wind speed" type="hourly">
				<timerange type="hourly" h="0" datetime="202401160000">
					<value unit="Kt">5</value>
					<value unit="MPH">5.75389725</value>
					<value unit="KPH">9.26</value>
					<value unit="MS">2.57222222</value>
				</timerange>
				<timerange type="hourly" h="6" datetime="202401160600">
					<value unit="Kt">10</value>
					<value unit="MPH">11.5077945</value>
					<value unit="KPH">18.52</value>
					<value unit="MS">5.14444444</value>
				</timerange>
				<timerange type="hourly" h="12" datetime="202401161200">
					<value unit="Kt">2</value>
					<value unit="MPH">2.3015589</value>
					<value unit="KPH">3.704</value>
					<value unit="MS">1.028888888</value>
				</timerange>
				<timerange type="hourly" h="18" datetime="202401161800">
					<value unit="Kt">2</value>
					<value unit="MPH">2.3015589</value>
					<value unit="KPH">3.704</value>
					<value unit="MS">1.028888888</value>
				</timerange>
				<timerange type="hourly" h="24" datetime="202401170000">
					<value unit="Kt">5</value>
					<value unit="MPH">5.75389725</value>
					<value unit="KPH">9.26</value>
					<value unit="MS">2.57222222</value>
				</timerange>
				<timerange type="hourly" h="30" datetime="202401170600">
					<value unit="Kt">10</value>
					<value unit="MPH">11.5077945</value>
					<value unit="KPH">18.52</value>
					<value unit="MS">5.14444444</value>
				</timerange>
				<timerange type="hourly" h="36" datetime="202401171200">
					<value unit="Kt">2</value>
					<value unit="MPH">2.3015589</value>
					<value unit="KPH">3.704</value>
					<value unit="MS">1.028888888</value>
				</timerange>
				<timerange type="hourly" h="42" datetime="202401171800">
					<value unit="Kt">5</value>
					<value unit="MPH">5.75389725</value>
					<value unit="KPH">9.26</value>
					<value unit="MS">2.57222222</value>
				</timerange>
				<timerange type="hourly" h="48" datetime="202401180000">
					<value unit="Kt">5</value>
					<value unit="MPH">5.75389725</value>
					<value unit="KPH">9.26</value>
					<value unit="MS">2.57222222</value>
				</timerange>
				<timerange type="hourly" h="54" datetime="202401180600">
					<value unit="Kt">5</value>
					<value unit="MPH">5.75389725</value>
					<value unit="KPH">9.26</value>
					<value unit="MS">2.57222222</value>
				</timerange>
				<timerange type="hourly" h="60" datetime="202401181200">
					<value unit="Kt">5</value>
					<value unit="MPH">5.75389725</value>
					<value unit="KPH">9.26</value>
					<value unit="MS">2.57222222</value>
				</timerange>
				<timerange type="hourly" h="66" datetime="202401181800">
					<value unit="Kt">5</value>
					<value unit="MPH">5.75389725</value>
					<value unit="KPH">9.26</value>
					<value unit="MS">2.57222222</value>
				</timerange>
			</parameter></area><area id="501196" latitude="-6.126218" longitude="106.865559" coordinate="106.865559 -6.126218" type="land" region="" level="1" description="Jakarta Utara"  domain="DKI Jakarta"  tags="">
<name xml:lang="en_US">Jakarta Utara</name>
<name xml:lang="id_ID">Kota Jakarta Utara</name>

		<parameter id="hu" description="Humidity" type="hourly">
				<timerange type="hourly" h="0" datetime="202401160000">
					<value unit="%">90</value>
				</timerange>
				<timerange type="hourly" h="6" datetime="202401160600">
					<value unit="%">75</value>
				</timerange>
				<timerange type="hourly" h="12" datetime="202401161200">
					<value unit="%">80</value>
				</timerange>
				<timerange type="hourly" h="18" datetime="202401161800">
					<value unit="%">85</value>
				</timerange>
				<timerange type="hourly" h="24" datetime="202401170000">
					<value unit="%">90</value>
				</timerange>
				<timerange type="hourly" h="30" datetime="202401170600">
					<value unit="%">85</value>
				</timerange>
				<timerange type="hourly" h="36" datetime="202401171200">
					<value unit="%">85</value>
				</timerange>
				<timerange type="hourly" h="42" datetime="202401171800">
					<value unit="%">90</value>
				</timerange>
				<timerange type="hourly" h="48" datetime="202401180000">
					<value unit="%">90</value>
				</timerange>
				<timerange type="hourly" h="54" datetime="202401180600">
					<value unit="%">85</value>
				</timerange>
				<timerange type="hourly" h="60" datetime="202401181200">
					<value unit="%">80</value>
				</timerange>
				<timerange type="hourly" h="66" datetime="202401181800">
					<value unit="%">85</value>
				</timerange>
			</parameter>
		<parameter id="humax" description="Max humidity" type="daily">
				<timerange type="daily" day="20240116" datetime="202401161200">
					<value unit="%">95</value>
				</timerange>
				<timerange type="daily" day="20240117" datetime="202401171200">
					<value unit="%">90</value>
				</timerange>
				<timerange type="daily" day="20240118" datetime="202401181200">
					<value unit="%">90</value>
				</timerange>
			</parameter>
		<parameter id="tmax" description="Max temperature" type="daily">
				<timerange type="daily" day="20240116" datetime="202401161200">
					<value unit="C">32</value>
					<value unit="F">89.6</value>
				</timerange>
				<timerange type="daily" day="20240117" datetime="202401171200">
					<value unit="C">32</value>
					<value unit="F">89.6</value>
				</timerange>
				<timerange type="daily" day="20240118" datetime="202401181200">
					<value unit="C">32</value>
					<value unit="F">89.6</value>
				</timerange>
			</parameter>
		<parameter id="humin" description="Min humidity" type="daily">
				<timerange type="daily" day="20240116" datetime="202401161200">
					<value unit="%">75</value>
				</timerange>
				<timerange type="daily" day="20240117" datetime="202401171200">
					<value unit="%">80</value>
				</timerange>
				<timerange type="daily" day="20240118" datetime="202401181200">
					<value unit="%">75</value>
				</timerange>
			</parameter>
		<parameter id="tmin" description="Min temperature" type="daily">
				<timerange type="daily" day="20240116" datetime="202401161200">
					<value unit="C">26</value>
					<value unit="F">78.8</value>
				</timerange>
				<timerange type="daily" day="20240117" datetime="202401171200">
					<value unit="C">26</value>
					<value unit="F">78.8</value>
				</timerange>
				<timerange type="daily" day="20240118" datetime="202401181200">
					<value unit="C">26</value>
					<value unit="F">78.8</value>
				</timerange>
			</parameter>
		<parameter id="t" description="Temperature" type="hourly">
				<timerange type="hourly" h="0" datetime="202401160000">
					<value unit="C">26</value>
					<value unit="F">78.8</value>
				</timerange>
				<timerange type="hourly" h="6" datetime="202401160600">
					<value unit="C">32</value>
					<value unit="F">89.6</value>
				</timerange>
				<timerange type="hourly" h="12" datetime="202401161200">
					<value unit="C">28</value>
					<value unit="F">82.4</value>
				</timerange>
				<timerange type="hourly" h="18" datetime="202401161800">
					<value unit="C">26</value>
					<value unit="F">78.8</value>
				</timerange>
				<timerange type="hourly" h="24" datetime="202401170000">
					<value unit="C">26</value>
					<value unit="F">78.8</value>
				</timerange>
				<timerange type="hourly" h="30" datetime="202401170600">
					<value unit="C">32</value>
					<value unit="F">89.6</value>
				</timerange>
				<timerange type="hourly" h="36" datetime="202401171200">
					<value unit="C">27</value>
					<value unit="F">80.6</value>
				</timerange>
				<timerange type="hourly" h="42" datetime="202401171800">
					<value unit="C">26</value>
					<value unit="F">78.8</value>
				</timerange>
				<timerange type="hourly" h="48" datetime="202401180000">
					<value unit="C">26</value>
					<value unit="F">78.8</value>
				</timerange>
				<timerange type="hourly" h="54" datetime="202401180600">
					<value unit="C">32</value>
					<value unit="F">89.6</value>
				</timerange>
				<timerange type="hourly" h="60" datetime="202401181200">
					<value unit="C">28</value>
					<value unit="F">82.4</value>
				</timerange>
				<timerange type="hourly" h="66" datetime="202401181800">
					<value unit="C">26</value>
					<value unit="F">78.8</value>
				</timerange>
			</parameter>
		<parameter id="weather" description="Weather" type="hourly">
				<timerange type="hourly" h="0" datetime="202401160000">
					<value unit="icon">3</value>
				</timerange>
				<timerange type="hourly" h="6" datetime="202401160600">
					<value unit="icon">60</value>
				</timerange>
				<timerange type="hourly" h="12" datetime="202401161200">
					<value unit="icon">3</value>
				</timerange>
				<timerange type="hourly" h="18" datetime="202401161800">
					<value unit="icon">3</value>
				</timerange>
				<timerange type="hourly" h="24" datetime="202401170000">
					<value unit="icon">3</value>
				</timerange>
				<timerange type="hourly" h="30" datetime="202401170600">
					<value unit="icon">4</value>
				</timerange>
				<timerange type="hourly" h="36" datetime="202401171200">
					<value unit="icon">3</value>
				</timerange>
				<timerange type="hourly" h="42" datetime="202401171800">
					<value unit="icon">3</value>
				</timerange>
				<timerange type="hourly" h="48" datetime="202401180000">
					<value unit="icon">3</value>
				</timerange>
				<timerange type="hourly" h="54" datetime="202401180600">
					<value unit="icon">60</value>
				</timerange>
				<timerange type="hourly" h="60" datetime="202401181200">
					<value unit="icon">3</value>
				</timerange>
				<timerange type="hourly" h="66" datetime="202401181800">
					<value unit="icon">60</value>
				</timerange>
			</parameter>
		<parameter id="wd" description="Wind direction" type="hourly">
				<timerange type="hourly" h="0" datetime="202401160000">
					<value unit="deg">270</value>
					<value unit="CARD">W</value>
					<value unit="SEXA">27000</value>
				</timerange>
				<timerange type="hourly" h="6" datetime="202401160600">
					<value unit="deg">315</value>
					<value unit="CARD">NW</value>
					<value unit="SEXA">31500</value>
				</timerange>
				<timerange type="hourly" h="12" datetime="202401161200">
					<value unit="deg">292.5</value>
					<value unit="CARD">WNW</value>
					<value unit="SEXA">29230</value>
				</timerange>
				<timerange type="hourly" h="18" datetime="202401161800">
					<value unit="deg">270</value>
					<value unit="CARD">W</value>
					<value unit="SEXA">27000</value>
				</timerange>
				<timerange type="hourly" h="24" datetime="202401170000">
					<value unit="deg">270</value>
					<value unit="CARD">W</value>
					<value unit="SEXA">27000</value>
				</timerange>
				<timerange type="hourly" h="30" datetime="202401170600">
					<value unit="deg">292.5</value>
					<value unit="CARD">WNW</value>
					<value unit="SEXA">29230</value>
				</timerange>
				<timerange type="hourly" h="36" datetime="202401171200">
					<value unit="deg">292.5</value>
					<value unit="CARD">WNW</value>
					<value unit="SEXA">29230</value>
				</timerange>
				<timerange type="hourly" h="42" datetime="202401171800">
					<value unit="deg">247.5</value>
					<value unit="CARD">WSW</value>
					<value unit="SEXA">24730</value>
				</timerange>
				<timerange type="hourly" h="48" datetime="202401180000">
					<value unit="deg">270</value>
					<value unit="CARD">W</value>
					<value unit="SEXA">27000</value>
				</timerange>
				<timerange type="hourly" h="54" datetime="202401180600">
					<value unit="deg">292.5</value>
					<value unit="CARD">WNW</value>
					<value unit="SEXA">29230</value>
				</timerange>
				<timerange type="hourly" h="60" datetime="202401181200">
					<value unit="deg">247.5</value>
					<value unit="CARD">WSW</value>
					<value unit="SEXA">24730</value>
				</timerange>
				<timerange type="hourly" h="66" datetime="202401181800">
					<value unit="deg">247.5</value>
					<value unit="CARD">WSW</value>
					<value unit="SEXA">24730</value>
				</timerange>
			</parameter>
		<parameter id="ws" description="Wind speed" type="hourly">
				<timerange type="hourly" h="0" datetime="202401160000">
					<value unit="Kt">5</value>
					<value unit="MPH">5.75389725</value>
					<value unit="KPH">9.26</value>
					<value unit="MS">2.57222222</value>
				</timerange>
				<timerange type="hourly" h="6" datetime="202401160600">
					<value unit="Kt">10</value>
					<value unit="MPH">11.5077945</value>
					<value unit="KPH">18.52</value>
					<value unit="MS">5.14444444</value>
				</timerange>
				<timerange type="hourly" h="12" datetime="202401161200">
					<value unit="Kt">5</value>
					<value unit="MPH">5.75389725</value>
					<value unit="KPH">9.26</value>
					<value unit="MS">2.57222222</value>
				</timerange>
				<timerange type="hourly" h="18" datetime="202401161800">
					<value unit="Kt">5</value>
					<value unit="MPH">5.75389725</value>
					<value unit="KPH">9.26</value>
					<value unit="MS">2.57222222</value>
				</timerange>
				<timerange type="hourly" h="24" datetime="202401170000">
					<value unit="Kt">5</value>
					<value unit="MPH">5.75389725</value>
					<value unit="KPH">9.26</value>
					<value unit="MS">2.57222222</value>
				</timerange>
				<timerange type="hourly" h="30" datetime="202401170600">
					<value unit="Kt">10</value>
					<value unit="MPH">11.5077945</value>
					<value unit="KPH">18.52</value>
					<value unit="MS">5.14444444</value>
				</timerange>
				<timerange type="hourly" h="36" datetime="202401171200">
					<value unit="Kt">2</value>
					<value unit="MPH">2.3015589</value>
					<value unit="KPH">3.704</value>
					<value unit="MS">1.028888888</value>
				</timerange>
				<timerange type="hourly" h="42" datetime="202401171800">
					<value unit="Kt">5</value>
					<value unit="MPH">5.75389725</value>
					<value unit="KPH">9.26</value>
					<value unit="MS">2.57222222</value>
				</timerange>
				<timerange type="hourly" h="48" datetime="202401180000">
					<value unit="Kt">10</value>
					<value unit="MPH">11.5077945</value>
					<value unit="KPH">18.52</value>
					<value unit="MS">5.14444444</value>
				</timerange>
				<timerange type="hourly" h="54" datetime="202401180600">
					<value unit="Kt">10</value>
					<value unit="MPH">11.5077945</value>
					<value unit="KPH">18.52</value>
					<value unit="MS">5.14444444</value>
				</timerange>
				<timerange type="hourly" h="60" datetime="202401181200">
					<value unit="Kt">10</value>
					<value unit="MPH">11.5077945</value>
					<value unit="KPH">18.52</value>
					<value unit="MS">5.14444444</value>
				</timerange>
				<timerange type="hourly" h="66" datetime="202401181800">
					<value unit="Kt">10</value>
					<value unit="MPH">11.5077945</value>
					<value unit="KPH">18.52</value>
					<value unit="MS">5.14444444</value>
				</timerange>
			</parameter></area><area id="501194" latitude="-5.987607" longitude="106.825562" coordinate="106.825562 -5.987607" type="land" region="" level="1" description="Kepulauan Seribu"  domain="DKI Jakarta"  tags="">
<name xml:lang="en_US">Kepulauan Seribu</name>
<name xml:lang="id_ID">Kab. Kepulauan Seribu</name>

		<parameter id="hu" description="Humidity" type="hourly">
				<timerange type="hourly" h="0" datetime="202401160000">
					<value unit="%">90</value>
				</timerange>
				<timerange type="hourly" h="6" datetime="202401160600">
					<value unit="%">85</value>
				</timerange>
				<timerange type="hourly" h="12" datetime="202401161200">
					<value unit="%">80</value>
				</timerange>
				<timerange type="hourly" h="18" datetime="202401161800">
					<value unit="%">85</value>
				</timerange>
				<timerange type="hourly" h="24" datetime="202401170000">
					<value unit="%">90</value>
				</timerange>
				<timerange type="hourly" h="30" datetime="202401170600">
					<value unit="%">85</value>
				</timerange>
				<timerange type="hourly" h="36" datetime="202401171200">
					<value unit="%">85</value>
				</timerange>
				<timerange type="hourly" h="42" datetime="202401171800">
					<value unit="%">85</value>
				</timerange>
				<timerange type="hourly" h="48" datetime="202401180000">
					<value unit="%">90</value>
				</timerange>
				<timerange type="hourly" h="54" datetime="202401180600">
					<value unit="%">85</value>
				</timerange>
				<timerange type="hourly" h="60" datetime="202401181200">
					<value unit="%">80</value>
				</timerange>
				<timerange type="hourly" h="66" datetime="202401181800">
					<value unit="%">85</value>
				</timerange>
			</parameter>
		<parameter id="humax" description="Max humidity" type="daily">
				<timerange type="daily" day="20240116" datetime="202401161200">
					<value unit="%">90</value>
				</timerange>
				<timerange type="daily" day="20240117" datetime="202401171200">
					<value unit="%">90</value>
				</timerange>
				<timerange type="daily" day="20240118" datetime="202401181200">
					<value unit="%">90</value>
				</timerange>
			</parameter>
		<parameter id="tmax" description="Max temperature" type="daily">
				<timerange type="daily" day="20240116" datetime="202401161200">
					<value unit="C">32</value>
					<value unit="F">89.6</value>
				</timerange>
				<timerange type="daily" day="20240117" datetime="202401171200">
					<value unit="C">32</value>
					<value unit="F">89.6</value>
				</timerange>
				<timerange type="daily" day="20240118" datetime="202401181200">
					<value unit="C">32</value>
					<value unit="F">89.6</value>
				</timerange>
			</parameter>
		<parameter id="humin" description="Min humidity" type="daily">
				<timerange type="daily" day="20240116" datetime="202401161200">
					<value unit="%">80</value>
				</timerange>
				<timerange type="daily" day="20240117" datetime="202401171200">
					<value unit="%">85</value>
				</timerange>
				<timerange type="daily" day="20240118" datetime="202401181200">
					<value unit="%">80</value>
				</timerange>
			</parameter>
		<parameter id="tmin" description="Min temperature" type="daily">
				<timerange type="daily" day="20240116" datetime="202401161200">
					<value unit="C">27</value>
					<value unit="F">80.6</value>
				</timerange>
				<timerange type="daily" day="20240117" datetime="202401171200">
					<value unit="C">27</value>
					<value unit="F">80.6</value>
				</timerange>
				<timerange type="daily" day="20240118" datetime="202401181200">
					<value unit="C">27</value>
					<value unit="F">80.6</value>
				</timerange>
			</parameter>
		<parameter id="t" description="Temperature" type="hourly">
				<timerange type="hourly" h="0" datetime="202401160000">
					<value unit="C">27</value>
					<value unit="F">80.6</value>
				</timerange>
				<timerange type="hourly" h="6" datetime="202401160600">
					<value unit="C">32</value>
					<value unit="F">89.6</value>
				</timerange>
				<timerange type="hourly" h="12" datetime="202401161200">
					<value unit="C">29</value>
					<value unit="F">84.2</value>
				</timerange>
				<timerange type="hourly" h="18" datetime="202401161800">
					<value unit="C">28</value>
					<value unit="F">82.4</value>
				</timerange>
				<timerange type="hourly" h="24" datetime="202401170000">
					<value unit="C">27</value>
					<value unit="F">80.6</value>
				</timerange>
				<timerange type="hourly" h="30" datetime="202401170600">
					<value unit="C">32</value>
					<value unit="F">89.6</value>
				</timerange>
				<timerange type="hourly" h="36" datetime="202401171200">
					<value unit="C">28</value>
					<value unit="F">82.4</value>
				</timerange>
				<timerange type="hourly" h="42" datetime="202401171800">
					<value unit="C">28</value>
					<value unit="F">82.4</value>
				</timerange>
				<timerange type="hourly" h="48" datetime="202401180000">
					<value unit="C">27</value>
					<value unit="F">80.6</value>
				</timerange>
				<timerange type="hourly" h="54" datetime="202401180600">
					<value unit="C">32</value>
					<value unit="F">89.6</value>
				</timerange>
				<timerange type="hourly" h="60" datetime="202401181200">
					<value unit="C">28</value>
					<value unit="F">82.4</value>
				</timerange>
				<timerange type="hourly" h="66" datetime="202401181800">
					<value unit="C">27</value>
					<value unit="F">80.6</value>
				</timerange>
			</parameter>
		<parameter id="weather" description="Weather" type="hourly">
				<timerange type="hourly" h="0" datetime="202401160000">
					<value unit="icon">60</value>
				</timerange>
				<timerange type="hourly" h="6" datetime="202401160600">
					<value unit="icon">3</value>
				</timerange>
				<timerange type="hourly" h="12" datetime="202401161200">
					<value unit="icon">3</value>
				</timerange>
				<timerange type="hourly" h="18" datetime="202401161800">
					<value unit="icon">3</value>
				</timerange>
				<timerange type="hourly" h="24" datetime="202401170000">
					<value unit="icon">3</value>
				</timerange>
				<timerange type="hourly" h="30" datetime="202401170600">
					<value unit="icon">4</value>
				</timerange>
				<timerange type="hourly" h="36" datetime="202401171200">
					<value unit="icon">3</value>
				</timerange>
				<timerange type="hourly" h="42" datetime="202401171800">
					<value unit="icon">3</value>
				</timerange>
				<timerange type="hourly" h="48" datetime="202401180000">
					<value unit="icon">3</value>
				</timerange>
				<timerange type="hourly" h="54" datetime="202401180600">
					<value unit="icon">60</value>
				</timerange>
				<timerange type="hourly" h="60" datetime="202401181200">
					<value unit="icon">3</value>
				</timerange>
				<timerange type="hourly" h="66" datetime="202401181800">
					<value unit="icon">60</value>
				</timerange>
			</parameter>
		<parameter id="wd" description="Wind direction" type="hourly">
				<timerange type="hourly" h="0" datetime="202401160000">
					<value unit="deg">247.5</value>
					<value unit="CARD">WSW</value>
					<value unit="SEXA">24730</value>
				</timerange>
				<timerange type="hourly" h="6" datetime="202401160600">
					<value unit="deg">292.5</value>
					<value unit="CARD">WNW</value>
					<value unit="SEXA">29230</value>
				</timerange>
				<timerange type="hourly" h="12" datetime="202401161200">
					<value unit="deg">292.5</value>
					<value unit="CARD">WNW</value>
					<value unit="SEXA">29230</value>
				</timerange>
				<timerange type="hourly" h="18" datetime="202401161800">
					<value unit="deg">270</value>
					<value unit="CARD">W</value>
					<value unit="SEXA">27000</value>
				</timerange>
				<timerange type="hourly" h="24" datetime="202401170000">
					<value unit="deg">247.5</value>
					<value unit="CARD">WSW</value>
					<value unit="SEXA">24730</value>
				</timerange>
				<timerange type="hourly" h="30" datetime="202401170600">
					<value unit="deg">292.5</value>
					<value unit="CARD">WNW</value>
					<value unit="SEXA">29230</value>
				</timerange>
				<timerange type="hourly" h="36" datetime="202401171200">
					<value unit="deg">270</value>
					<value unit="CARD">W</value>
					<value unit="SEXA">27000</value>
				</timerange>
				<timerange type="hourly" h="42" datetime="202401171800">
					<value unit="deg">247.5</value>
					<value unit="CARD">WSW</value>
					<value unit="SEXA">24730</value>
				</timerange>
				<timerange type="hourly" h="48" datetime="202401180000">
					<value unit="deg">247.5</value>
					<value unit="CARD">WSW</value>
					<value unit="SEXA">24730</value>
				</timerange>
				<timerange type="hourly" h="54" datetime="202401180600">
					<value unit="deg">270</value>
					<value unit="CARD">W</value>
					<value unit="SEXA">27000</value>
				</timerange>
				<timerange type="hourly" h="60" datetime="202401181200">
					<value unit="deg">247.5</value>
					<value unit="CARD">WSW</value>
					<value unit="SEXA">24730</value>
				</timerange>
				<timerange type="hourly" h="66" datetime="202401181800">
					<value unit="deg">247.5</value>
					<value unit="CARD">WSW</value>
					<value unit="SEXA">24730</value>
				</timerange>
			</parameter>
		<parameter id="ws" description="Wind speed" type="hourly">
				<timerange type="hourly" h="0" datetime="202401160000">
					<value unit="Kt">10</value>
					<value unit="MPH">11.5077945</value>
					<value unit="KPH">18.52</value>
					<value unit="MS">5.14444444</value>
				</timerange>
				<timerange type="hourly" h="6" datetime="202401160600">
					<value unit="Kt">15</value>
					<value unit="MPH">17.26169175</value>
					<value unit="KPH">27.78</value>
					<value unit="MS">7.71666666</value>
				</timerange>
				<timerange type="hourly" h="12" datetime="202401161200">
					<value unit="Kt">10</value>
					<value unit="MPH">11.5077945</value>
					<value unit="KPH">18.52</value>
					<value unit="MS">5.14444444</value>
				</timerange>
				<timerange type="hourly" h="18" datetime="202401161800">
					<value unit="Kt">10</value>
					<value unit="MPH">11.5077945</value>
					<value unit="KPH">18.52</value>
					<value unit="MS">5.14444444</value>
				</timerange>
				<timerange type="hourly" h="24" datetime="202401170000">
					<value unit="Kt">10</value>
					<value unit="MPH">11.5077945</value>
					<value unit="KPH">18.52</value>
					<value unit="MS">5.14444444</value>
				</timerange>
				<timerange type="hourly" h="30" datetime="202401170600">
					<value unit="Kt">15</value>
					<value unit="MPH">17.26169175</value>
					<value unit="KPH">27.78</value>
					<value unit="MS">7.71666666</value>
				</timerange>
				<timerange type="hourly" h="36" datetime="202401171200">
					<value unit="Kt">5</value>
					<value unit="MPH">5.75389725</value>
					<value unit="KPH">9.26</value>
					<value unit="MS">2.57222222</value>
				</timerange>
				<timerange type="hourly" h="42" datetime="202401171800">
					<value unit="Kt">10</value>
					<value unit="MPH">11.5077945</value>
					<value unit="KPH">18.52</value>
					<value unit="MS">5.14444444</value>
				</timerange>
				<timerange type="hourly" h="48" datetime="202401180000">
					<value unit="Kt">15</value>
					<value unit="MPH">17.26169175</value>
					<value unit="KPH">27.78</value>
					<value unit="MS">7.71666666</value>
				</timerange>
				<timerange type="hourly" h="54" datetime="202401180600">
					<value unit="Kt">15</value>
					<value unit="MPH">17.26169175</value>
					<value unit="KPH">27.78</value>
					<value unit="MS">7.71666666</value>
				</timerange>
				<timerange type="hourly" h="60" datetime="202401181200">
					<value unit="Kt">15</value>
					<value unit="MPH">17.26169175</value>
					<value unit="KPH">27.78</value>
					<value unit="MS">7.71666666</value>
				</timerange>
				<timerange type="hourly" h="66" datetime="202401181800">
					<value unit="Kt">15</value>
					<value unit="MPH">17.26169175</value>
					<value unit="KPH">27.78</value>
					<value unit="MS">7.71666666</value>
				</timerange>
			</parameter></area>
</forecast>
</data>